id,english_name,japanese_name,type1,type2,official_rom
001,Bulbasaur,Grass,Poison,フシギダネ,Fushigidane
002,Ivysaur,Grass,Poison,フシギソウ,Fushigisou
003,Venusaur,Grass,Poison,フシギバナ,Fushigibana
004,Charmander,Fire,,ヒトカゲ,Hitokage
005,Charmeleon,Fire,,リザード,Lizardo
006,Charizard,Fire,Flying,リザードン,Lizardon
007,Squirtle,Water,,ゼニガメ,Zenigame
008,Wartortle,Water,,カメール,Kameil
009,Blastoise,Water,,カメックス,Kamex
010,Caterpie,Bug,,キャタピー,Caterpie
011,Metapod,Bug,,トランセル,Trancell
012,Butterfree,Bug,Flying,バタフリー,Butterfree
013,Weedle,Bug,Poison,ビードル,Beedle
014,Kakuna,Bug,Poison,コクーン,Cocoon
015,Beedrill,Bug,Poison,スピアー,Spear
016,Pidgey,Normal,Flying,ポッポ,Poppo
017,Pidgeotto,Normal,Flying,ピジョン,Pigeon
018,Pidgeot,Normal,Flying,ピジョット,Pigeot
019,Rattata,Normal,,コラッタ,Koratta
020,Raticate,Normal,,ラッタ,Ratta
021,Spearow,Normal,Flying,オニスズメ,Onisuzume
022,Fearow,Normal,Flying,オニドリル,Onidrill
023,Ekans,Poison,,アーボ,Arbo
024,Arbok,Poison,,アーボック,Arbok
025,Pikachu,Electric,,ピカチュウ,Pikachu
026,Raichu,Electric,,ライチュウ,Raichu
027,Sandshrew,Ground,,サンド,Sand
028,Sandslash,Ground,,サンドパン,Sandpan
029,Nidoran♀,Poison,,ニドラン♀,Nidoran♀
030,Nidorina,Poison,,ニドリーナ,Nidorina
031,Nidoqueen,Poison,Ground,ニドクイン,Nidoqueen
032,Nidoran♂,Poison,,ニドラン♂,Nidoran♂
033,Nidorino,Poison,,ニドリーノ,Nidorino
034,Nidoking,Poison,Ground,ニドキング,Nidoking
035,Clefairy,Fairy[1],,ピッピ,Pippi
036,Clefable,Fairy[2],,ピクシー,Pixy
037,Vulpix,Fire,,ロコン,Rokon
038,Ninetales,Fire,,キュウコン,Kyukon
039,Jigglypuff,Normal,Fairy[3],プリン,Purin
040,Wigglytuff,Normal,Fairy[4],プクリン,Pukurin
041,Zubat,Poison,Flying,ズバット,Zubat
042,Golbat,Poison,Flying,ゴルバット,Golbat
043,Oddish,Grass,Poison,ナゾノクサ,Nazonokusa
044,Gloom,Grass,Poison,クサイハナ,Kusaihana
045,Vileplume,Grass,Poison,ラフレシア,Ruffresia
046,Paras,Bug,Grass,パラス,Paras
047,Parasect,Bug,Grass,パラセクト,Parasect
048,Venonat,Bug,Poison,コンパン,Kongpang
049,Venomoth,Bug,Poison,モルフォン,Morphon
050,Diglett,Ground,,ディグダ,Digda
051,Dugtrio,Ground,,ダグトリオ,Dugtrio
052,Meowth,Normal,,ニャース,Nyarth
053,Persian,Normal,,ペルシアン,Persian
054,Psyduck,Water,,コダック,Koduck
055,Golduck,Water,,ゴルダック,Golduck
056,Mankey,Fighting,,マンキー,Mankey
057,Primeape,Fighting,,オコリザル,Okorizaru
058,Growlithe,Fire,,ガーディ,Gardie
059,Arcanine,Fire,,ウインディ,Windie
060,Poliwag,Water,,ニョロモ,Nyoromo
061,Poliwhirl,Water,,ニョロゾ,Nyorozo
062,Poliwrath,Water,Fighting,ニョロボ,Nyorobon
063,Abra,Psychic,,ケーシィ,Casey
064,Kadabra,Psychic,,ユンゲラー,Yungerer
065,Alakazam,Psychic,,フーディン,Foodin
066,Machop,Fighting,,ワンリキー,Wanriky
067,Machoke,Fighting,,ゴーリキー,Goriky
068,Machamp,Fighting,,カイリキー,Kairiky
069,Bellsprout,Grass,Poison,マダツボミ,Madatsubomi
070,Weepinbell,Grass,Poison,ウツドン,Utsudon
071,Victreebel,Grass,Poison,ウツボット,Utsubotto
072,Tentacool,Water,Poison,メノクラゲ,Menokurage
073,Tentacruel,Water,Poison,ドククラゲ,Dokukurage
074,Geodude,Rock,Ground,イシツブテ,Ishitsubute
075,Graveler,Rock,Ground,ゴローン,Golone
076,Golem,Rock,Ground,ゴローニャ,Golonya
077,Ponyta,Fire,,ポニータ,Ponyta
078,Rapidash,Fire,,ギャロップ,Gallop
079,Slowpoke,Water,Psychic,ヤドン,Yadon
080,Slowbro,Water,Psychic,ヤドラン,Yadoran
081,Magnemite,Electric,Steel[5],コイル,Coil
082,Magneton,Electric,Steel[6],レアコイル,Rarecoil
083,Farfetch'd,Normal,Flying,カモネギ,Kamonegi
084,Doduo,Normal,Flying,ドードー,Dodo
085,Dodrio,Normal,Flying,ドードリオ,Dodorio
086,Seel,Water,,パウワウ,Pawou
087,Dewgong,Water,Ice,ジュゴン,Jugon
088,Grimer,Poison,,ベトベター,Betbeter
089,Muk,Poison,,ベトベトン,Betbeton
090,Shellder,Water,,シェルダー,Shellder
091,Cloyster,Water,Ice,パルシェン,Parshen
092,Gastly,Ghost,Poison,ゴース,Ghos
093,Haunter,Ghost,Poison,ゴースト,Ghost
094,Gengar,Ghost,Poison,ゲンガー,Gangar
095,Onix,Rock,Ground,イワーク,Iwark
096,Drowzee,Psychic,,スリープ,Sleep
097,Hypno,Psychic,,スリーパー,Sleeper
098,Krabby,Water,,クラブ,Crab
099,Kingler,Water,,キングラー,Kingler
100,Voltorb,Electric,,ビリリダマ,Biriridama
101,Electrode,Electric,,マルマイン,Marumine
102,Exeggcute,Grass,Psychic,タマタマ,Tamatama
103,Exeggutor,Grass,Psychic,ナッシー,Nassy
104,Cubone,Ground,,カラカラ,Karakara
105,Marowak,Ground,,ガラガラ,Garagara
106,Hitmonlee,Fighting,,サワムラー,Sawamular
107,Hitmonchan,Fighting,,エビワラー,Ebiwalar
108,Lickitung,Normal,,ベロリンガ,Beroringa
109,Koffing,Poison,,ドガース,Dogars
110,Weezing,Poison,,マタドガス,Matadogas
111,Rhyhorn,Ground,Rock,サイホーン,Saihorn
112,Rhydon,Ground,Rock,サイドン,Sidon
113,Chansey,Normal,,ラッキー,Lucky
114,Tangela,Grass,,モンジャラ,Monjara
115,Kangaskhan,Normal,,ガルーラ,Garura
116,Horsea,Water,,タッツー,Tattu
117,Seadra,Water,,シードラ,Seadra
118,Goldeen,Water,,トサキント,Tosakinto
119,Seaking,Water,,アズマオウ,Azumao
120,Staryu,Water,,ヒトデマン,Hitodeman
121,Starmie,Water,Psychic,スターミー,Starmie
122,Mr. Mime,Psychic,Fairy[7],バリヤード,Barrierd
123,Scyther,Bug,Flying,ストライク,Strike
124,Jynx,Ice,Psychic,ルージュラ,Rougela
125,Electabuzz,Electric,,エレブー,Eleboo
126,Magmar,Fire,,ブーバー,Boober
127,Pinsir,Bug,,カイロス,Kailios
128,Tauros,Normal,,ケンタロス,Kentauros
129,Magikarp,Water,,コイキング,Koiking
130,Gyarados,Water,Flying,ギャラドス,Gyarados
131,Lapras,Water,Ice,ラプラス,Laplace
132,Ditto,Normal,,メタモン,Metamon
133,Eevee,Normal,,イーブイ,Eievui
134,Vaporeon,Water,,シャワーズ,Showers
135,Jolteon,Electric,,サンダース,Thunders
136,Flareon,Fire,,ブースター,Booster
137,Porygon,Normal,,ポリゴン,Porygon
138,Omanyte,Rock,Water,オムナイト,Omnite
139,Omastar,Rock,Water,オムスター,Omstar
140,Kabuto,Rock,Water,カブト,Kabuto
141,Kabutops,Rock,Water,カブトプス,Kabutops
142,Aerodactyl,Rock,Flying,プテラ,Ptera
143,Snorlax,Normal,,カビゴン,Kabigon
144,Articuno,Ice,Flying,フリーザー,Freezer
145,Zapdos,Electric,Flying,サンダー,Thunder
146,Moltres,Fire,Flying,ファイヤー,Fire
147,Dratini,Dragon,,ミニリュウ,Miniryu
148,Dragonair,Dragon,,ハクリュー,Hakuryu
149,Dragonite,Dragon,Flying,カイリュー,Kairyu
150,Mewtwo,Psychic,,ミュウツー,Mewtwo
151,Mew,Psychic,,ミュウ,Mew
152,Chikorita,Grass,,チコリータ,Chicorita
153,Bayleef,Grass,,ベイリーフ,Bayleaf
154,Meganium,Grass,,メガニウム,Meganium
155,Cyndaquil,Fire,,ヒノアラシ,Hinoarashi
156,Quilava,Fire,,マグマラシ,Magmarashi
157,Typhlosion,Fire,,バクフーン,Bakphoon
158,Totodile,Water,,ワニノコ,Waninoko
159,Croconaw,Water,,アリゲイツ,Alligates
160,Feraligatr,Water,,オーダイル,Ordile
161,Sentret,Normal,,オタチ,Otachi
162,Furret,Normal,,オオタチ,Ootachi
163,Hoothoot,Normal,Flying,ホーホー,Hoho
164,Noctowl,Normal,Flying,ヨルノズク,Yorunozuku
165,Ledyba,Bug,Flying,レディバ,Rediba
166,Ledian,Bug,Flying,レディアン,Redian
167,Spinarak,Bug,Poison,イトマル,Itomaru
168,Ariados,Bug,Poison,アリアドス,Ariados
169,Crobat,Poison,Flying,クロバット,Crobat
170,Chinchou,Water,Electric,チョンチー,Chonchie
171,Lanturn,Water,Electric,ランターン,Lantern
172,Pichu,Electric,,ピチュー,Pichu
173,Cleffa,Fairy[8],,ピィ,Py
174,Igglybuff,Normal,Fairy[9],ププリン,Pupurin
175,Togepi,Fairy[10],,トゲピー,Togepy
176,Togetic,Fairy[11],Flying,トゲチック,Togechick
177,Natu,Psychic,Flying,ネイティ,Naty
178,Xatu,Psychic,Flying,ネイティオ,Natio
179,Mareep,Electric,,メリープ,Merriep
180,Flaaffy,Electric,,モココ,Mokoko
181,Ampharos,Electric,,デンリュウ,Denryu
182,Bellossom,Grass,,キレイハナ,Kireihana
183,Marill,Water,Fairy[12],マリル,Maril
184,Azumarill,Water,Fairy[13],マリルリ,Marilli
185,Sudowoodo,Rock,,ウソッキー,Usokkie
186,Politoed,Water,,ニョロトノ,Nyorotono
187,Hoppip,Grass,Flying,ハネッコ,Hanecco
188,Skiploom,Grass,Flying,ポポッコ,Popocco
189,Jumpluff,Grass,Flying,ワタッコ,Watacco
190,Aipom,Normal,,エイパム,Eipam
191,Sunkern,Grass,,ヒマナッツ,Himanuts
192,Sunflora,Grass,,キマワリ,Kimawari
193,Yanma,Bug,Flying,ヤンヤンマ,Yanyanma
194,Wooper,Water,Ground,ウパー,Upah
195,Quagsire,Water,Ground,ヌオー,Nuoh
196,Espeon,Psychic,,エーフィ,Eifie
197,Umbreon,Dark,,ブラッキー,Blacky
198,Murkrow,Dark,Flying,ヤミカラス,Yamikarasu
199,Slowking,Water,Psychic,ヤドキング,Yadoking
200,Misdreavus,Ghost,,ムウマ,Muma
201,Unown,Psychic,,アンノーン,Unknown
202,Wobbuffet,Psychic,,ソーナンス,Sonans
203,Girafarig,Normal,Psychic,キリンリキ,Kirinriki
204,Pineco,Bug,,クヌギダマ,Kunugidama
205,Forretress,Bug,Steel,フォレトス,Foretos
206,Dunsparce,Normal,,ノコッチ,Nokotchi
207,Gligar,Ground,Flying,グライガー,Gliger
208,Steelix,Steel,Ground,ハガネール,Haganeil
209,Snubbull,Fairy[14],,ブルー,Bulu
210,Granbull,Fairy[15],,グランブル,Granbulu
211,Qwilfish,Water,Poison,ハリーセン,Harysen
212,Scizor,Bug,Steel,ハッサム,Hassam
213,Shuckle,Bug,Rock,ツボツボ,Tsubotsubo
214,Heracross,Bug,Fighting,ヘラクロス,Heracros
215,Sneasel,Dark,Ice,ニューラ,Nyula
216,Teddiursa,Normal,,ヒメグマ,Himeguma
217,Ursaring,Normal,,リングマ,Ringuma
218,Slugma,Fire,,マグマッグ,Magmag
219,Magcargo,Fire,Rock,マグカルゴ,Magcargot
220,Swinub,Ice,Ground,ウリムー,Urimoo
221,Piloswine,Ice,Ground,イノムー,Inomoo
222,Corsola,Water,Rock,サニーゴ,Sunnygo
223,Remoraid,Water,,テッポウオ,Teppouo
224,Octillery,Water,,オクタン,Okutank
225,Delibird,Ice,Flying,デリバード,Delibird
226,Mantine,Water,Flying,マンタイン,Maintain
227,Skarmory,Steel,Flying,エアームド,Airmd
228,Houndour,Dark,Fire,デルビル,Delvil
229,Houndoom,Dark,Fire,ヘルガー,Hellgar
230,Kingdra,Water,Dragon,キングドラ,Kingdra
231,Phanpy,Ground,,ゴマゾウ,Gomazou
232,Donphan,Ground,,ドンファン,Donfan
233,Porygon2,Normal,,ポリゴン２,Porygon2
234,Stantler,Normal,,オドシシ,Odoshishi
235,Smeargle,Normal,,ドーブル,Doble
236,Tyrogue,Fighting,,バルキー,Balkie
237,Hitmontop,Fighting,,カポエラー,Kapoerer
238,Smoochum,Ice,Psychic,ムチュール,Muchul
239,Elekid,Electric,,エレキッド,Elekid
240,Magby,Fire,,ブビィ,Buby
241,Miltank,Normal,,ミルタンク,Miltank
242,Blissey,Normal,,ハピナス,Happinas
243,Raikou,Electric,,ライコウ,Raikou
244,Entei,Fire,,エンテイ,Entei
245,Suicune,Water,,スイクン,Suikun
246,Larvitar,Rock,Ground,ヨーギラス,Yogiras
247,Pupitar,Rock,Ground,サナギラス,Sanagiras
248,Tyranitar,Rock,Dark,バンギラス,Bangiras
249,Lugia,Psychic,Flying,ルギア,Lugia
250,Ho-Oh,Fire,Flying,ホウオウ,Houou
251,Celebi,Psychic,Grass,セレビィ,Celebi
252,Treecko,Grass,,キモリ,Kimori
253,Grovyle,Grass,,ジュプトル,Juptile
254,Sceptile,Grass,,ジュカイン,Jukain
255,Torchic,Fire,,アチャモ,Achamo
256,Combusken,Fire,Fighting,ワカシャモ,Wakasyamo
257,Blaziken,Fire,Fighting,バシャーモ,Bursyamo
258,Mudkip,Water,,ミズゴロウ,Mizugorou
259,Marshtomp,Water,Ground,ヌマクロー,Numacraw
260,Swampert,Water,Ground,ラグラージ,Laglarge
261,Poochyena,Dark,,ポチエナ,Pochiena
262,Mightyena,Dark,,グラエナ,Guraena
263,Zigzagoon,Normal,,ジグザグマ,Ziguzaguma
264,Linoone,Normal,,マッスグマ,Massuguma
265,Wurmple,Bug,,ケムッソ,Kemusso
266,Silcoon,Bug,,カラサリス,Karasalis
267,Beautifly,Bug,Flying,アゲハント,Agehunt
268,Cascoon,Bug,,マユルド,Mayuld
269,Dustox,Bug,Poison,ドクケイル,Dokucale
270,Lotad,Water,Grass,ハスボー,Hassboh
271,Lombre,Water,Grass,ハスブレロ,Hasubrero
272,Ludicolo,Water,Grass,ルンパッパ,Runpappa
273,Seedot,Grass,,タネボー,Taneboh
274,Nuzleaf,Grass,Dark,コノハナ,Konohana
275,Shiftry,Grass,Dark,ダーテング,Dirteng
276,Taillow,Normal,Flying,スバメ,Subame
277,Swellow,Normal,Flying,オオスバメ,Ohsubame
278,Wingull,Water,Flying,キャモメ,Camome
279,Pelipper,Water,Flying,ペリッパー,Pelipper
280,Ralts,Psychic,Fairy[16],ラルトス,Ralts
281,Kirlia,Psychic,Fairy[17],キルリア,Kirlia
282,Gardevoir,Psychic,Fairy[18],サーナイト,Sirnight
283,Surskit,Bug,Water,アメタマ,Ametama
284,Masquerain,Bug,Flying,アメモース,Amemoth
285,Shroomish,Grass,,キノココ,Kinococo
286,Breloom,Grass,Fighting,キノガッサ,Kinogassa
287,Slakoth,Normal,,ナメケロ,Namakero
288,Vigoroth,Normal,,ヤルキモノ,Yarukimono
289,Slaking,Normal,,ケッキング,Kekking
290,Nincada,Bug,Ground,ツチニン,Tutinin
291,Ninjask,Bug,Flying,テッカニン,Tekkanin
292,Shedinja,Bug,Ghost,ヌケニン,Nukenin
293,Whismur,Normal,,ゴニョニョ,Gonyonyo
294,Loudred,Normal,,ドゴーム,Dogohmb
295,Exploud,Normal,,バクオング,Bakuong
296,Makuhita,Fighting,,マクノシタ,Makunoshita
297,Hariyama,Fighting,,ハリテヤマ,Hariteyama
298,Azurill,Normal,Fairy[19],ルリリ,Ruriri
299,Nosepass,Rock,,ノズパス,Nosepass
300,Skitty,Normal,,エネコ,Eneco
301,Delcatty,Normal,,エネコロロ,Enekororo
302,Sableye,Dark,Ghost,ヤミラミ,Yamirami
303,Mawile,Steel,Fairy[20],クチート,Kucheat
304,Aron,Steel,Rock,ココドラ,Cokodora
305,Lairon,Steel,Rock,コドラ,Kodora
306,Aggron,Steel,Rock,ボスゴドラ,Bossgodora
307,Meditite,Fighting,Psychic,アサナン,Asanan
308,Medicham,Fighting,Psychic,チャーレム,Charem
309,Electrike,Electric,,ラクライ,Rakurai
310,Manectric,Electric,,ライボルト,Livolt
311,Plusle,Electric,,プラスル,Prasle
312,Minun,Electric,,マイナン,Minun
313,Volbeat,Bug,,バルビート,Barubeat
314,Illumise,Bug,,イルミーゼ,Illumise
315,Roselia,Grass,Poison,ロゼリア,Roselia
316,Gulpin,Poison,,ゴクリン,Gokulin
317,Swalot,Poison,,マルノーム,Marunoom
318,Carvanha,Water,Dark,キバニア,Kibanha
319,Sharpedo,Water,Dark,サメハダー,Samehader
320,Wailmer,Water,,ホエルコ,Hoeruko
321,Wailord,Water,,ホエルオー,Whaloh
322,Numel,Fire,Ground,ドンメル,Donmel
323,Camerupt,Fire,Ground,バクーダ,Bakuuda
324,Torkoal,Fire,,コータス,Cotoise
325,Spoink,Psychic,,バネブー,Baneboo
326,Grumpig,Psychic,,ブーピッグ,Boopig
327,Spinda,Normal,,パッチール,Patcheel
328,Trapinch,Ground,,ナックラー,Nuckrar
329,Vibrava,Ground,Dragon,ビブラーバ,Vibrava
330,Flygon,Ground,Dragon,フライゴン,Flygon
331,Cacnea,Grass,,サボネア,Sabonea
332,Cacturne,Grass,Dark,ノクタス,Noctus
333,Swablu,Normal,Flying,チルット,Tyltto
334,Altaria,Dragon,Flying,チルタリス,Tyltalis
335,Zangoose,Normal,,ザングース,Zangoose
336,Seviper,Poison,,ハブネーク,Habunake
337,Lunatone,Rock,Psychic,ルナトーン,Lunatone
338,Solrock,Rock,Psychic,ソルロック,Solrock
339,Barboach,Water,Ground,ドジョッチ,Dojoach
340,Whiscash,Water,Ground,ナマズン,Namazun
341,Corphish,Water,,ヘイガニ,Heigani
342,Crawdaunt,Water,Dark,シザリガー,Shizariger
343,Baltoy,Ground,Psychic,ヤジロン,Yajilon
344,Claydol,Ground,Psychic,ネンドール,Nendoll
345,Lileep,Rock,Grass,リリーラ,Lilyla
346,Cradily,Rock,Grass,ユレイドル,Yuradle
347,Anorith,Rock,Bug,アノプス,Anopth
348,Armaldo,Rock,Bug,アーマルド,Armaldo
349,Feebas,Water,,ヒンバス,Hinbass
350,Milotic,Water,,ミロカロス,Milokaross
351,Castform,Normal,,ポワルン,Powalen
352,Kecleon,Normal,,カクレオン,Kakureon
353,Shuppet,Ghost,,カゲボウズ,Kagebouzu
354,Banette,Ghost,,ジュペッタ,Juppeta
355,Duskull,Ghost,,ヨマワル,Yomawaru
356,Dusclops,Ghost,,サマヨール,Samayouru
357,Tropius,Grass,Flying,トロピウス,Tropius
358,Chimecho,Psychic,,チリーン,Chirean
359,Absol,Dark,,アブソル,Absol
360,Wynaut,Psychic,,ソーナノ,Sohnano
361,Snorunt,Ice,,ユキワラシ,Yukiwarashi
362,Glalie,Ice,,オニゴーリ,Onigohri
363,Spheal,Ice,Water,タマザラシ,Tamazarashi
364,Sealeo,Ice,Water,トドグラー,Todoggler
365,Walrein,Ice,Water,トドゼルガ,Todoseruga
366,Clamperl,Water,,パールル,Pearlulu
367,Huntail,Water,,ハンテール,Huntail
368,Gorebyss,Water,,サクラビス,Sakurabyss
369,Relicanth,Water,Rock,ジーランス,Glanth
370,Luvdisc,Water,,ラブカス,Lovecus
371,Bagon,Dragon,,タツベイ,Tatsubay
372,Shelgon,Dragon,,コモルー,Komoruu
373,Salamence,Dragon,Flying,ボーマンダ,Bohmander
374,Beldum,Steel,Psychic,ダンバル,Dumbber
375,Metang,Steel,Psychic,メタング,Metang
376,Metagross,Steel,Psychic,メタグロス,Metagross
377,Regirock,Rock,,レジロック,Regirock
378,Regice,Ice,,レジアイス,Regice
379,Registeel,Steel,,レジスチル,Registeel
380,Latias,Dragon,Psychic,ラティアス,Latias
381,Latios,Dragon,Psychic,ラティオス,Latios
382,Kyogre,Water,,カイオーガ,Kyogre
383,Groudon,Ground,,グラードン,Groudon
384,Rayquaza,Dragon,Flying,レックウザ,Rayquaza
385,Jirachi,Steel,Psychic,ジラーチ,Jirachi
386,Deoxys,Psychic,,デオキシス,Deoxys
387,Turtwig,Grass,,ナエトル,Naetle
388,Grotle,Grass,,ハヤシガメ,Hayashigame
389,Torterra,Grass,Ground,ドダイトス,Dodaitose
390,Chimchar,Fire,,ヒコザル,Hikozaru
391,Monferno,Fire,Fighting,モウカザル,Moukazaru
392,Infernape,Fire,Fighting,ゴウカザル,Goukazaru
393,Piplup,Water,,ポッチャマ,Pochama
394,Prinplup,Water,,ポッタイシ,Pottaishi
395,Empoleon,Water,Steel,エンペルト,Emperte
396,Starly,Normal,Flying,ムックル,Mukkuru
397,Staravia,Normal,Flying,ムクバード,Mukubird
398,Staraptor,Normal,Flying,ムクホーク,Mukuhawk
399,Bidoof,Normal,,ビッパ,Bipper
400,Bibarel,Normal,Water,ビーダル,Beadull
401,Kricketot,Bug,,コロボーシ,Korobooshi
402,Kricketune,Bug,,コロトック,Korotok
403,Shinx,Electric,,コリンク,Kolink
404,Luxio,Electric,,ルクシオ,Luxio
405,Luxray,Electric,,レントラー,Rentorar
406,Budew,Grass,Poison,スボミー,Subomie
407,Roserade,Grass,Poison,ロズレイド,Roserade
408,Cranidos,Rock,,ズガイドス,Zugaidos
409,Rampardos,Rock,,ラムパルド,Rampard
410,Shieldon,Rock,Steel,タテトプス,Tatetops
411,Bastiodon,Rock,Steel,トリテプス,Trideps
412,Burmy,Bug,,ミノムッチ,Minomutchi
413,Wormadam,Bug,GrassGroundSteel,ミノマダム,Minomadam
414,Mothim,Bug,Flying,ガーメイル,Garmeil
415,Combee,Bug,Flying,ミツハニー,Mitsuhoney
416,Vespiquen,Bug,Flying,ビークイン,Beequeen
417,Pachirisu,Electric,,パチリス,Pachirisu
418,Buizel,Water,,ブイゼル,Buoysel
419,Floatzel,Water,,フローゼル,Flowsel
420,Cherubi,Grass,,チェリンボ,Cherinbo
421,Cherrim,Grass,,チェリム,Cherrim
422,Shellos,Water,,カラナクシ,Karanakushi
423,Gastrodon,Water,Ground,トリトドン,Toritodon
424,Ambipom,Normal,,エテボース,Eteboth
425,Drifloon,Ghost,Flying,フワンテ,Fuwante
426,Drifblim,Ghost,Flying,フワライド,Fuwaride
427,Buneary,Normal,,ミミロル,Mimirol
428,Lopunny,Normal,,ミミロップ,Mimilop
429,Mismagius,Ghost,,ムウマージ,Mumage
430,Honchkrow,Dark,Flying,ドンカラス,Donkarasu
431,Glameow,Normal,,ニャルマー,Nyarumar
432,Purugly,Normal,,ブニャット,Bunyat
433,Chingling,Psychic,,リーシャン,Lisyan
434,Stunky,Poison,Dark,スカンプー,Skunpoo
435,Skuntank,Poison,Dark,スカタンク,Skutank
436,Bronzor,Steel,Psychic,ドーミラー,Domirror
437,Bronzong,Steel,Psychic,ドータクン,Dootakun
438,Bonsly,Rock,,ウソハチ,Usohachi
439,Mime Jr.,Psychic,Fairy[21],マネネ,Manene
440,Happiny,Normal,,ピンプク,Pinpuku
441,Chatot,Normal,Flying,ペラップ,Perap
442,Spiritomb,Ghost,Dark,ミカルゲ,Mikaruge
443,Gible,Dragon,Ground,フカマル,Fukamaru
444,Gabite,Dragon,Ground,ガバイト,Gabite
445,Garchomp,Dragon,Ground,ガブリアス,Gaburias
446,Munchlax,Normal,,ゴンベ,Gonbe
447,Riolu,Fighting,,リオル,Riolu
448,Lucario,Fighting,Steel,ルカリオ,Lukario
449,Hippopotas,Ground,,ヒポポタス,Hippopotas
450,Hippowdon,Ground,,カバルドン,Kabarudon
451,Skorupi,Poison,Bug,スコルピ,Scorpi
452,Drapion,Poison,Dark,ドラピオン,Dorapion
453,Croagunk,Poison,Fighting,グレッグル,Gureggru
454,Toxicroak,Poison,Fighting,ドクロッグ,Dokurog
455,Carnivine,Grass,,マスキッパ,Muskippa
456,Finneon,Water,,ケイコウオ,Keikouo
457,Lumineon,Water,,ネオラント,Neorant
458,Mantyke,Water,Flying,タマンタ,Tamanta
459,Snover,Grass,Ice,ユキカブリ,Yukikabli
460,Abomasnow,Grass,Ice,ユキノオー,Yukinooh
461,Weavile,Dark,Ice,マニューラ,Manyula
462,Magnezone,Electric,Steel,ジバコイル,Jibacoil
463,Lickilicky,Normal,,ベロベルト,Berobelt
464,Rhyperior,Ground,Rock,ドサイドン,Dosidon
465,Tangrowth,Grass,,モジャンボ,Mojanbo
466,Electivire,Electric,,エレキブル,Elekible
467,Magmortar,Fire,,ブーバーン,Booburn
468,Togekiss,Fairy[22],Flying,トゲキッス,Togekiss
469,Yanmega,Bug,Flying,メガヤンマ,Megayanma
470,Leafeon,Grass,,リーフィア,Leafia
471,Glaceon,Ice,,グレイシア,Glacia
472,Gliscor,Ground,Flying,グライオン,Glion
473,Mamoswine,Ice,Ground,マンムー,Manmoo
474,Porygon-Z,Normal,,ポリゴンＺ,PorygonZ
475,Gallade,Psychic,Fighting,エルレイド,Erureido
476,Probopass,Rock,Steel,ダイノーズ,Dainose
477,Dusknoir,Ghost,,ヨノワール,Yonoir
478,Froslass,Ice,Ghost,ユキメノコ,Yukimenoko
479,Rotom,Electric,Ghost,ロトム,Rotom
480,Uxie,Psychic,,ユクシー,Yuxie
481,Mesprit,Psychic,,エムリット,Emrit
482,Azelf,Psychic,,アグノム,Agnome
483,Dialga,Steel,Dragon,ディアルガ,Dialga
484,Palkia,Water,Dragon,パルキア,Palkia
485,Heatran,Fire,Steel,ヒードラン,Heatran
486,Regigigas,Normal,,レジギガス,Regigigas
487,Giratina,Ghost,Dragon,ギラティナ,Giratina
488,Cresselia,Psychic,,クレセリア,Crecelia
489,Phione,Water,,フィオネ,Phione
490,Manaphy,Water,,マナフィ,Manaphy
491,Darkrai,Dark,,ダークライ,Darkrai
492,Shaymin,Grass,,シェイミ,Shaymin
493,Arceus,Normal,,アルセウス,Arceus
494,Victini,Psychic,Fire,ビクティニ,Victini
495,Snivy,Grass,,ツタージャ,Tsutarja
496,Servine,Grass,,ジャノビー,Janovy
497,Serperior,Grass,,ジャローダ,Jalorda
498,Tepig,Fire,,ポカブ,Pokabu
499,Pignite,Fire,Fighting,チャオブー,Chaoboo
500,Emboar,Fire,Fighting,エンブオー,Enbuoh
501,Oshawott,Water,,ミジュマル,Mijumaru
502,Dewott,Water,,フタチマル,Futachimaru
503,Samurott,Water,,ダイケンキ,Daikenki
504,Patrat,Normal,,ミネズミ,Minezumi
505,Watchog,Normal,,ミルホッグ,Miruhog
506,Lillipup,Normal,,ヨーテリー,Yorterrie
507,Herdier,Normal,,ハーデリア,Herderrie
508,Stoutland,Normal,,ムーランド,Mooland
509,Purrloin,Dark,,チョロネコ,Choroneko
510,Liepard,Dark,,レパルダス,Lepardas
511,Pansage,Grass,,ヤナップ,Yanappu
512,Simisage,Grass,,ヤナッキー,Yanakkie
513,Pansear,Fire,,バオップ,Baoppu
514,Simisear,Fire,,バオッキー,Baokkie
515,Panpour,Water,,ヒヤップ,Hiyappu
516,Simipour,Water,,ヒヤッキー,Hiyakkie
517,Munna,Psychic,,ムンナ,Munna
518,Musharna,Psychic,,ムシャーナ,Musharna
519,Pidove,Normal,Flying,マメパト,Mamepato
520,Tranquill,Normal,Flying,ハトーボー,Hatoboh
521,Unfezant,Normal,Flying,ケンホロウ,Kenhallow
522,Blitzle,Electric,,シママ,Shimama
523,Zebstrika,Electric,,ゼブライカ,Zebraika
524,Roggenrola,Rock,,ダンゴロ,Dangoro
525,Boldore,Rock,,ガントル,Gantle
526,Gigalith,Rock,,ギガイアス,Gigaiath
527,Woobat,Psychic,Flying,コロモリ,Koromori
528,Swoobat,Psychic,Flying,ココロモリ,Kokoromori
529,Drilbur,Ground,,モグリュー,Mogurew
530,Excadrill,Ground,Steel,ドリュウズ,Doryuzu
531,Audino,Normal,,タブンネ,Tabunne
532,Timburr,Fighting,,ドッコラー,Dokkoraa
533,Gurdurr,Fighting,,ドテッコツ,Dotekkotsu
534,Conkeldurr,Fighting,,ローブシン,Roobushin
535,Tympole,Water,,オタマロ,Otamaro
536,Palpitoad,Water,Ground,ガマガル,Gamagaru
537,Seismitoad,Water,Ground,ガマゲロゲ,Gamageroge
538,Throh,Fighting,,ナゲキ,Nageki
539,Sawk,Fighting,,ダゲキ,Dageki
540,Sewaddle,Bug,Grass,クルミル,Kurumiru
541,Swadloon,Bug,Grass,クルマユ,Kurumayu
542,Leavanny,Bug,Grass,ハハコモリ,Hahakomori
543,Venipede,Bug,Poison,フシデ,Fushide
544,Whirlipede,Bug,Poison,ホイーガ,Hoiiga
545,Scolipede,Bug,Poison,ペンドラー,Pendror
546,Cottonee,Grass,Fairy[23],モンメン,Monmen
547,Whimsicott,Grass,Fairy[24],エルフーン,Elfuun
548,Petilil,Grass,,チュリネ,Churine
549,Lilligant,Grass,,ドレディア,Dredear
550,Basculin,Water,,バスラオ,Bassrao
551,Sandile,Ground,Dark,メグロコ,Meguroco
552,Krokorok,Ground,Dark,ワルビル,Waruvile
553,Krookodile,Ground,Dark,ワルビアル,Waruvial
554,Darumaka,Fire,,ダルマッカ,Darumakka
555,Darmanitan,Fire,,ヒヒダルマ,Hihidaruma
556,Maractus,Grass,,マラカッチ,Marakacchi
557,Dwebble,Bug,Rock,イシズマイ,Ishizumai
558,Crustle,Bug,Rock,イワパレス,Iwapalace
559,Scraggy,Dark,Fighting,ズルッグ,Zuruggu
560,Scrafty,Dark,Fighting,ズルズキン,Zuruzukin
561,Sigilyph,Psychic,Flying,シンボラー,Symboler
562,Yamask,Ghost,,デスマス,Deathmas
563,Cofagrigus,Ghost,,デスカーン,Desukarn
564,Tirtouga,Water,Rock,プロトーガ,Purotoga
565,Carracosta,Water,Rock,アバゴーラ,Abagoura
566,Archen,Rock,Flying,アーケン,Archen
567,Archeops,Rock,Flying,アーケオス,Archeos
568,Trubbish,Poison,,ヤブクロン,Yabukuron
569,Garbodor,Poison,,ダストダス,Dasutodasu
570,Zorua,Dark,,ゾロア,Zorua
571,Zoroark,Dark,,ゾロアーク,Zoroark
572,Minccino,Normal,,チラーミィ,Chillarmy
573,Cinccino,Normal,,チラチーノ,Chillaccino
574,Gothita,Psychic,,ゴチム,Gothimu
575,Gothorita,Psychic,,ゴチミル,Gothimiru
576,Gothitelle,Psychic,,ゴチルゼル,Gothiruselle
577,Solosis,Psychic,,ユニラン,Uniran
578,Duosion,Psychic,,ダブラン,Daburan
579,Reuniclus,Psychic,,ランクルス,Lanculus
580,Ducklett,Water,Flying,コアルヒー,Koaruhie
581,Swanna,Water,Flying,スワンナ,Swanna
582,Vanillite,Ice,,バニプッチ,Vanipeti
583,Vanillish,Ice,,バニリッチ,Vaniricchi
584,Vanilluxe,Ice,,バイバニラ,Vaivanilla
585,Deerling,Normal,Grass,シキジカ,Shikijika
586,Sawsbuck,Normal,Grass,メブキジカ,Mebukijika
587,Emolga,Electric,Flying,エモンガ,Emonga
588,Karrablast,Bug,,カブルモ,Kaburumo
589,Escavalier,Bug,Steel,シュバルゴ,Chevargo
590,Foongus,Grass,Poison,タマゲタケ,Tamagetake
591,Amoonguss,Grass,Poison,モロバレル,Morobareru
592,Frillish,Water,Ghost,プルリル,Pururill
593,Jellicent,Water,Ghost,ブルンゲル,Burungel
594,Alomomola,Water,,ママンボウ,Mamanbou
595,Joltik,Bug,Electric,バチュル,Bachuru
596,Galvantula,Bug,Electric,デンチュラ,Dentula
597,Ferroseed,Grass,Steel,テッシード,Tesseed
598,Ferrothorn,Grass,Steel,ナットレイ,Nutrey
599,Klink,Steel,,ギアル,Gear
600,Klang,Steel,,ギギアル,Gigiaru
601,Klinklang,Steel,,ギギギアル,Gigigiaru
602,Tynamo,Electric,,シビシラス,Shibishirasu
603,Eelektrik,Electric,,シビビール,Shibibiiru
604,Eelektross,Electric,,シビルドン,Shibirudon
605,Elgyem,Psychic,,リグレー,Ligray
606,Beheeyem,Psychic,,オーベム,Ohbem
607,Litwick,Ghost,Fire,ヒトモシ,Hitomoshi
608,Lampent,Ghost,Fire,ランプラー,Ranpuraa
609,Chandelure,Ghost,Fire,シャンデラ,Chandera
610,Axew,Dragon,,キバゴ,Kibago
611,Fraxure,Dragon,,オノンド,Onondo
612,Haxorus,Dragon,,オノノクス,Ononokus
613,Cubchoo,Ice,,クマシュン,Kumasyun
614,Beartic,Ice,,ツンベアー,Tunbear
615,Cryogonal,Ice,,フリージオ,Freegeo
616,Shelmet,Bug,,チョボマキ,Chobomaki
617,Accelgor,Bug,,アギルダー,Agilder
618,Stunfisk,Ground,Electric,マッギョ,Maggyo
619,Mienfoo,Fighting,,コジョフー,Kojofu
620,Mienshao,Fighting,,コジョンド,Kojondo
621,Druddigon,Dragon,,クリムガン,Crimgan
622,Golett,Ground,Ghost,ゴビット,Golbit
623,Golurk,Ground,Ghost,ゴルーグ,Gorog
624,Pawniard,Dark,Steel,コマタナ,Komatana
625,Bisharp,Dark,Steel,キリキザン,Kirikizan
626,Bouffalant,Normal,,バッフロン,Buffron
627,Rufflet,Normal,Flying,ワシボン,Washibon
628,Braviary,Normal,Flying,ウォーグル,Warrgle
629,Vullaby,Dark,Flying,バルチャイ,Valchai
630,Mandibuzz,Dark,Flying,バルジーナ,Vulgina
631,Heatmor,Fire,,クイタラン,Kuitaran
632,Durant,Bug,Steel,アイアント,Aiant
633,Deino,Dark,Dragon,モノズ,Monozu
634,Zweilous,Dark,Dragon,ジヘッド,Jihead
635,Hydreigon,Dark,Dragon,サザンドラ,Sazandora
636,Larvesta,Bug,Fire,メラルバ,Meraruda
637,Volcarona,Bug,Fire,ウルガモス,Urgamoth
638,Cobalion,Steel,Fighting,コバルオン,Cobalon
639,Terrakion,Rock,Fighting,テラキオン,Terrakion
640,Virizion,Grass,Fighting,ビリジオン,Virizion
641,Tornadus,Flying,,トルネロス,Tornelos
642,Thundurus,Electric,Flying,ボルトロス,Voltolos
643,Reshiram,Dragon,Fire,レシラム,Reshiram
644,Zekrom,Dragon,Electric,ゼクロム,Zekrom
645,Landorus,Ground,Flying,ランドロス,Landlos
646,Kyurem,Dragon,Ice,キュレム,Kyurem
647,Keldeo,Water,Fighting,ケルディオ,Keldeo
648,Meloetta,Normal,Psychic,メロエッタ,Meloetta
649,Genesect,Bug,Steel,ゲノセクト,Genesect
650,Chespin,Grass,,ハリマロン,Harimaron
651,Quilladin,Grass,,ハリボーグ,Hariborg
652,Chesnaught,Grass,Fighting,ブリガロン,Brigarron
653,Fennekin,Fire,,フォッコ,Fokko
654,Braixen,Fire,,テールナー,Tairenar
655,Delphox,Fire,Psychic,マフォクシー,Mahoxy
656,Froakie,Water,,ケロマツ,Keromatsu
657,Frogadier,Water,,ゲコガシラ,Gekogashira
658,Greninja,Water,Dark,ゲッコウガ,Gekkouga
659,Bunnelby,Normal,,ホルビー,Horubee
660,Diggersby,Normal,Ground,ホルード,Horudo
661,Fletchling,Normal,Flying,ヤヤコマ,Yayakoma
662,Fletchinder,Fire,Flying,ヒノヤコマ,Hinoyakoma
663,Talonflame,Fire,Flying,ファイアロー,Fiarrow
664,Scatterbug,Bug,,コフキムシ,Kofukimushi
665,Spewpa,Bug,,コフーライ,Kofurai
666,Vivillon,Bug,Flying,ビビヨン,Viviyon
667,Litleo,Fire,Normal,シシコ,Shishiko
668,Pyroar,Fire,Normal,カエンジシ,Kaenjishi
669,Flabébé,Fairy,,フラベベ,Flabebe
670,Floette,Fairy,,フラエッテ,Flaette
671,Florges,Fairy,,フラージェス,Florges
672,Skiddo,Grass,,メェークル,Meecle
673,Gogoat,Grass,,ゴーゴート,Gogoat
674,Pancham,Fighting,,ヤンチャム,Yancham
675,Pangoro,Fighting,Dark,ゴロンダ,Goronda
676,Furfrou,Normal,,トリミアン,Trimmien
677,Espurr,Psychic,,ニャスパー,Nyasper
678,Meowstic,Psychic,,ニャオニクス,Nyaonix
679,Honedge,Steel,Ghost,ヒトツキ,Hitotsuki
680,Doublade,Steel,Ghost,ニダンギル,Nidangill
681,Aegislash,Steel,Ghost,ギルガルド,Gillgard
682,Spritzee,Fairy,,シュシュプ,Shushupu
683,Aromatisse,Fairy,,フレフワン,Frefuwan
684,Swirlix,Fairy,,ペロッパフ,Peroppafu
685,Slurpuff,Fairy,,ペロリーム,Peroream
686,Inkay,Dark,Psychic,マーイーカ,Maaiika
687,Malamar,Dark,Psychic,カラマネロ,Calamanero
688,Binacle,Rock,Water,カメテテ,Kametete
689,Barbaracle,Rock,Water,ガメノデス,Gamenodes
690,Skrelp,Poison,Water,クズモー,Kuzumo
691,Dragalge,Poison,Dragon,ドラミドロ,Dramidoro
692,Clauncher,Water,,ウデッポウ,Udeppou
693,Clawitzer,Water,,ブロスター,Blosuter
694,Helioptile,Electric,Normal,エリキテル,Erikiteru
695,Heliolisk,Electric,Normal,エレザード,Elezard
696,Tyrunt,Rock,Dragon,チゴラス,Chigoras
697,Tyrantrum,Rock,Dragon,ガチゴラス,Gachigoras
698,Amaura,Rock,Ice,アマルス,Amarus
699,Aurorus,Rock,Ice,アマルルガ,Amaruruga
700,Sylveon,Fairy,,ニンフィア,Nymphia
701,Hawlucha,Fighting,Flying,ルチャブル,Luchabull
702,Dedenne,Electric,Fairy,デデンネ,Dedenne
703,Carbink,Rock,Fairy,メレシー,Melecie
704,Goomy,Dragon,,ヌメラ,Numera
705,Sliggoo,Dragon,,ヌメイル,Numeil
706,Goodra,Dragon,,ヌメルゴン,Numelgon
707,Klefki,Steel,Fairy,クレッフィ,Cleffy
708,Phantump,Ghost,Grass,ボクレー,Bokurei
709,Trevenant,Ghost,Grass,オーロット,Ohrot
710,Pumpkaboo,Ghost,Grass,バケッチャ,Bakeccha
711,Gourgeist,Ghost,Grass,パンプジン,Pumpjin
712,Bergmite,Ice,,カチコール,Kachikoru
713,Avalugg,Ice,,クレベース,Crebase
714,Noibat,Flying,Dragon,オンバット,Onbat
715,Noivern,Flying,Dragon,オンバーン,Onvern
716,Xerneas,Fairy,,ゼルネアス,Xerneas
717,Yveltal,Dark,Flying,イベルタル,Yveltal
718,Zygarde,Dragon,Ground,ジガルデ,Zygarde
719,Diancie,Rock,Fairy,ディアンシー,Diancie
720,Hoopa,Psychic,Ghost,フーパ,Hoopa
721,Volcanion,Fire,Water,ボルケニオン,Volcanion
722,Rowlet,Grass,Flying,モクロー,Mokurou
723,Dartrix,Grass,Flying,フクスロー,Fukusurou
724,Decidueye,Grass,Ghost,ジュナイパー,Junaipaa
725,Litten,Fire,,ニャビー,Nyabii
726,Torracat,Fire,,ニャヒート,Nyahiito
727,Incineroar,Fire,Dark,ガオガエン,Gaogaen
728,Popplio,Water,,アシマリ,Ashimari
729,Brionne,Water,,オシャマリ,Oshamari
730,Primarina,Water,Fairy,アシレーヌ,Ashireenu
731,Pikipek,Normal,Flying,ツツケラ,Tsutsukera
732,Trumbeak,Normal,Flying,ケララッパ,Kerarappa
733,Toucannon,Normal,Flying,ドデカバシ,Dodekabashi
734,Yungoos,Normal,,ヤングース,Yanguusu
735,Gumshoos,Normal,,デカグース,Dekaguusu
736,Grubbin,Bug,,アゴジムシ,Agojimushi
737,Charjabug,Bug,Electric,デンヂムシ,Dendimushi
738,Vikavolt,Bug,Electric,クワガノン,Kuwaganon
739,Crabrawler,Fighting,,マケンカニ,Makenkani
740,Crabominable,Fighting,Ice,ケケンカニ,Kekenkani
741,Oricorio,FireElectricPsychicGhost,Flying,オドリドリ,Odoridori
742,Cutiefly,Bug,Fairy,アブリー,Aburii
743,Ribombee,Bug,Fairy,アブリボン,Aburibon
744,Rockruff,Rock,,イワンコ,Iwanko
745,Lycanroc,Rock,,ルガルガン,Rugarugan
746,Wishiwashi,Water,,ヨワシ,Yowashi
747,Mareanie,Poison,Water,ヒドイデ,Hidoide
748,Toxapex,Poison,Water,ドヒドイデ,Dohidoide
749,Mudbray,Ground,,ドロバンコ,Dorobanko
750,Mudsdale,Ground,,バンバドロ,Banbadoro
751,Dewpider,Water,Bug,シズクモ,Shizukumo
752,Araquanid,Water,Bug,オニシズクモ,Onishizukumo
753,Fomantis,Grass,,カリキリ,Karikiri
754,Lurantis,Grass,,ラランテス,Rarantesu
755,Morelull,Grass,Fairy,ネマシュ,Nemashu
756,Shiinotic,Grass,Fairy,マシェード,Masheido
757,Salandit,Poison,Fire,ヤトウモリ,Yatoumori
758,Salazzle,Poison,Fire,エンニュート,Ennyuuto
759,Stufful,Normal,Fighting,ヌイコグマ,Nuikoguma
760,Bewear,Normal,Fighting,キテルグマ,Kiteruguma
761,Bounsweet,Grass,,アマカジ,Amakaji
762,Steenee,Grass,,アママイコ,Amamaiko
763,Tsareena,Grass,,アマージョ,Amaajo
764,Comfey,Fairy,,キュワワー,Kyuwawaa
765,Oranguru,Normal,Psychic,ヤレユータン,Yareyuutan
766,Passimian,Fighting,,ナゲツケサル,Nagetsukesaru
767,Wimpod,Bug,Water,コソクムシ,Kosokumushi
768,Golisopod,Bug,Water,グソクムシャ,Gusokumusha
769,Sandygast,Ghost,Ground,スナバァ,Sunabaa
770,Palossand,Ghost,Ground,シロデスナ,Shirodesuna
771,Pyukumuku,Water,,ナマコブシ,Namakobushi
772,Type: Null,Normal,,タイプ：ヌル,Type: Null
773,Silvally,Normal,,シルヴァディ,Shiruvadi
774,Minior,Rock,Flying,メテノ,Meteno
775,Komala,Normal,,ネッコアラ,Nekkoara
776,Turtonator,Fire,Dragon,バクガメス,Bakugamesu
777,Togedemaru,Electric,Steel,トゲデマル,Togedemaru
778,Mimikyu,Ghost,Fairy,ミミッキュ,Mimikkyu
779,Bruxish,Water,Psychic,ハギギシリ,Hagigishiri
780,Drampa,Normal,Dragon,ジジーロン,Jijiiron
781,Dhelmise,Ghost,Grass,ダダリン,Dadarin
782,Jangmo-o,Dragon,,ジャラコ,Jarako
783,Hakamo-o,Dragon,Fighting,ジャランゴ,Jarango
784,Kommo-o,Dragon,Fighting,ジャラランガ,Jararanga
785,Tapu Koko,Electric,Fairy,カプ・コケコ,Kapu-Kokeko
786,Tapu Lele,Psychic,Fairy,カプ・テテフ,Kapu-Tetefu
787,Tapu Bulu,Grass,Fairy,カプ・ブルル,Kapu-Bulul
788,Tapu Fini,Water,Fairy,カプ・レヒレ,Kapu-Rehire
789,Cosmog,Psychic,,コスモッグ,Cosmog
790,Cosmoem,Psychic,,コスモウム,Kosumoumu
791,Solgaleo,Psychic,Steel,ソルガレオ,Solgaleo
792,Lunala,Psychic,Ghost,ルナアーラ,Runaaara
793,Nihilego,Rock,Poison,ウツロイド,Utsuroido
794,Buzzwole,Bug,Fighting,マッシブーン,Masshibuun
795,Pheromosa,Bug,Fighting,フェローチェ,Ferouche
796,Xurkitree,Electric,,デンジュモク,Denjumoku
797,Celesteela,Steel,Flying,テッカグヤ,Tekkaguya
798,Kartana,Grass,Steel,カミツルギ,Kamitsurugi
799,Guzzlord,Dark,Dragon,アクジキング,Akujikingu
800,Necrozma,Psychic,,ネクロズマ,Nekurozuma
801,Magearna,Steel,Fairy,マギアナ,Magiana
802,Marshadow,Fighting,Ghost,マーシャドー,Marshadow
803,Poipole,Poison,,ベベノム,Bebenomu
804,Naganadel,Poison,Dragon,アーゴヨン,Aagoyon
805,Stakataka,Rock,Steel,ツンデツンデ,Tsundetsunde
806,Blacephalon,Fire,Ghost,ズガドーン,Zugadoon
807,Zeraora,Electric,,ゼラオラ,Zeraora
808,Meltan,Steel,,メルタン,Meltan
809,Melmetal,Steel,,メルメタル,Melmetal
810,Grookey,Grass,,サルノリ,Sarunori
811,Thwackey,Grass,,バチンキー,Bachinkey
812,Rillaboom,Grass,,ゴリランダー,Gorirander
813,Scorbunny,Fire,,ヒバニー,Hibanny
814,Raboot,Fire,,ラビフット,Rabbifuto
815,Cinderace,Fire,,エースバーン,Aceburn
816,Sobble,Water,,メッソン,Messon
817,Drizzile,Water,,ジメレオン,Jimereon
818,Inteleon,Water,,インテレオン,Intereon
819,Skwovet,Normal,,ホシガリス,Hoshigarisu
820,Greedent,Normal,,ヨクバリス,Yokubarisu
821,Rookidee,Flying,,ココガラ,Kokogara
822,Corvisquire,Flying,,アオガラス,Aogarasu
823,Corviknight,Flying,Steel,アーマーガア,Armorga
824,Blipbug,Bug,,サッチムシ,Sacchimushi
825,Dottler,Bug,Psychic,レドームシ,Redomushi
826,Orbeetle,Bug,Psychic,イオルブ,Eolb
827,Nickit,Dark,,クスネ,Kusune
828,Thievul,Dark,,フォクスライ,Foxly
829,Gossifleur,Grass,,ヒメンカ,Himenka
830,Eldegoss,Grass,,ワタシラガ,Watashiraga
831,Wooloo,Normal,,ウールー,Wooluu
832,Dubwool,Normal,,バイウールー,Baiwooluu
833,Chewtle,Water,,カムカメ,Kamukame
834,Drednaw,Water,Rock,カジリガメ,Kajirigame
835,Yamper,Electric,,ワンパチ,Wanpachi
836,Boltund,Electric,,パルスワン,Pulsewan
837,Rolycoly,Rock,,タンドン,Tandon
838,Carkol,Rock,Fire,トロッゴン,Toroggon
839,Coalossal,Rock,Fire,セキタンザン,Sekitanzan
840,Applin,Grass,Dragon,カジッチュ,Kajicchu
841,Flapple,Grass,Dragon,アップリュー,Appryu
842,Appletun,Grass,Dragon,タルップル,Tarupple
843,Silicobra,Ground,,スナヘビ,Sunahebi
844,Sandaconda,Ground,,サダイジャ,Sadaija
845,Cramorant,Flying,Water,ウッウ,Uu
846,Arrokuda,Water,,サシカマス,Sashikamasu
847,Barraskewda,Water,,カマスジョー,Kamasujaw
848,Toxel,Electric,Poison,エレズン,Eleson
849,Toxtricity,Electric,Poison,ストリンダー,Strinder
850,Sizzlipede,Fire,Bug,ヤクデ,Yakude
851,Centiskorch,Fire,Bug,マルヤクデ,Maruyakude
852,Clobbopus,Fighting,,タタッコ,Tatakko
853,Grapploct,Fighting,,オトスパス,Otosupus
854,Sinistea,Ghost,,ヤバチャ,Yabacha
855,Polteageist,Ghost,,ポットデス,Potdeath
856,Hatenna,Psychic,,ミブリム,Mibrim
857,Hattrem,Psychic,,テブリム,Tebrim
858,Hatterene,Psychic,Fairy,ブリムオン,Brimuon
859,Impidimp,Dark,Fairy,ベロバー,Beroba
860,Morgrem,Dark,Fairy,ギモー,Gimoh
861,Grimmsnarl,Dark,Fairy,オーロンゲ,Ohlonge
862,Obstagoon,Dark,Normal,タチフサグマ,Tachifusaguma
863,Perrserker,Steel,,ニャイキング,Nyaiking
864,Cursola,Ghost,,サニゴーン,Sunigoon
865,Sirfetch'd,Fighting,,ネギガナイト,Negigaknight
866,Mr. Rime,Ice,Psychic,バリコオル,Barrikohru
867,Runerigus,Ground,Ghost,デスバーン,Deathbarn
868,Milcery,Fairy,,マホミル,Mahomil
869,Alcremie,Fairy,,マホイップ,Mawhip
870,Falinks,Fighting,,タイレーツ,Tairetsu
871,Pincurchin,Electric,,バチンウニ,Bachin'uni
872,Snom,Ice,Bug,ユキハミ,Yukihami
873,Frosmoth,Ice,Bug,モスノウ,Mothnow
874,Stonjourner,Rock,,イシヘンジン,Ishihengin
875,Eiscue,Ice,,コオリッポ,Korippo
876,Indeedee,Psychic,Normal,イエッサン,Yessan
877,Morpeko,Electric,Dark,モルペコ,Morpeko
878,Cufant,Steel,,ゾウドウ,Zoudou
879,Copperajah,Steel,,ダイオウドウ,Daioudou
880,Dracozolt,Electric,Dragon,パッチラゴン,Patchiragon
881,Arctozolt,Electric,Ice,パッチルドン,Patchilldon
882,Dracovish,Water,Dragon,ウオノラゴン,Uonoragon
883,Arctovish,Water,Ice,ウオチルドン,Uochirudon
884,Duraludon,Steel,Dragon,ジュラルドン,Duraludon
885,Dreepy,Dragon,Ghost,ドラメシヤ,Dorameshiya
886,Drakloak,Dragon,Ghost,ドロンチ,Doronchi
887,Dragapult,Dragon,Ghost,ドラパルト,Dorapult
888,Zacian,Fairy,Steel,ザシアン,Zacian
889,Zamazenta,Fighting,Steel,ザマゼンタ,Zamazenta
890,Eternatus,Poison,Dragon,ムゲンダイナ,Mugendina
891,Kubfu,Fighting,,ダクマ,Dakuma
892,Urshifu,Fighting,Dark,ウーラオス,Uuraosu
893,Zarude,Dark,Grass,ザルード,Zaruudo
894,Regieleki,Electric,,レジエレキ,Regieleki
895,Regidrago,Dragon,,レジドラゴ,Regidrago
896,Glastrier,Ice,,ブリザポス,Burizaposu
897,Spectrier,Ghost,,レイスポス,Reisuposu
898,Calyrex,Psychic,Grass,バドレックス,Badorekkusu
899,Wyrdeer,Normal,Psychic,アヤシシ,Ayashishi
900,Kleavor,Bug,Rock,バサギリ,Basagiri
901,Ursaluna,Ground,Normal,ガチグマ,Gachiguma
902,Basculegion,water,Ghost,イダイトウ,Idaitou
903,Sneasler,Fighting,Poison,オオニューラ,Oonyuura
904,Overqwil,Dark,Poison,ハリーマン,Hariiman
905,Enamorus,Fairy,Flying,ラブトロス,Rabutorosu
906,Sprigatito,Grass,,ニャオハ,Nyaoha
907,Floragato,Grass,,ニャローテ,Nyarote
908,Meowscarada,Grass,Dark,マスカーニャ,Masukaanya
909,Fuecoco,Fire,,ホゲータ,Hogeeta
910,Crocalor,Fire,,アチゲータ,Achigeeta
911,Skeledirge,Fire,Ghost,ラウドボーン,Raudoboon
912,Quaxly,Water,,クワッス,Kuwassu
913,Quaxwell,Water,,ウェルカモ,Werukamo
914,Quaquaval,Water,Fighting,ウェーニバル,Weenibaru
915,Lechonk,Normal,,グルトン,Guruton
916,Oinkologne,Normal,,パフュートン,Pafyuuton
917,Tarountula,Bug,,タマンチュラ,Tamanchura
918,Spidops,Bug,,ワナイダー,Wanaidaa
919,Nymble,Bug,,マメバッタ,Mamebatta
920,Lokix,Bug,Dark,エクスレッグ,Ekusureggu
921,Pawmi,Electric,,パモ,Pamo
922,Pawmo,Electric,Fighting,パモット,Pamotto
923,Pawmot,Electric,Fighting,パーモット,Pāmotto
924,Tandemaus,Normal,,ワッカネズミ,Wakkanezumi
925,Maushold,Normal,,イッカネズミ,Ikkanezumi
926,Fidough,Fairy,,パピモッチ,Papimocchi
927,Dachsbun,Fairy,,バウッツェル,Bauttseru
928,Smoliv,Grass,Normal,ミニーブ,Miniibu
929,Dolliv,Grass,Normal,オリーニョ,Oriinyo
930,Arboliva,Grass,Normal,オリーヴァ,Oriiva
931,Squawkabilly,Normal,Flying,イキリンコ,Ikirinko
932,Nacli,Rock,,コジオ,Kojio
933,Naclstack,Rock,,ジオヅム,Jiodzumu
934,Garganacl,Rock,,キョジオーン,Kyojiōn
935,Charcadet,Fire,,カルボウ,Karubou
936,Armarouge,Fire,Psychic,グレンアルマ,Guren'aruma
937,Ceruledge,Fire,Ghost,ソウブレイズ,Soubureizu
938,Tadbulb,Electric,,ズピカ,Zupika
939,Bellibolt,Electric,,ハラバリー,Harabarii
940,Wattrel,Electric,Flying,カイデン,Kaiden
941,Kilowattrel,Electric,Flying,タイカイデン,Taikaiden
942,Maschiff,Dark,,オラチフ,Orachifu
943,Mabosstiff,Dark,,マフィティフ,Mafitifu
944,Shroodle,Poison,Normal,シルシュルー,Shirushuruu
945,Grafaiai,Poison,Normal,タギングル,Taginguru
946,Bramblin,Grass,Ghost,アノクサ,Anokusa
947,Brambleghast,Grass,Ghost,アノホラグサ,Anohoragusa
948,Toedscool,Ground,Grass,ノノクラゲ,Nonokurage
949,Toedscruel,Ground,Grass,リククラゲ,Rikukurage
950,Klawf,Rock,,ガケガニ,Gakegani
951,Capsakid,Grass,,カプサイジ,Kapusaiji
952,Scovillain,Grass,Fire,スコヴィラン,Sukoviran
953,Rellor,Bug,,シガロコ,Shigaroko
954,Rabsca,Bug,Psychic,ベラカス,Berakasu
955,Flittle,Psychic,,ヒラヒナ,Hirahina
956,Espathra,Psychic,,クエスパトラ,Kuesupatora
957,Tinkatink,Fairy,Steel,カヌチャン,Kanuchan
958,Tinkatuff,Fairy,Steel,ナカヌチャン,Nakanuchan
959,Tinkaton,Fairy,Steel,デカヌチャン,Dekanuchan
960,Wiglett,Water,,ウミディグダ,Umidiguda
961,Wugtrio,Water,,ウミトリオ,Umitorio
962,Bombirdier,Flying,Dark,オトシドリ,Otoshidori
963,Finizen,Water,,ナミイルカ,Namiiruka
964,Palafin,Water,,イルカマン,Irukaman
965,Varoom,Steel,Poison,ブロロン,Buroron
966,Revavroom,Steel,Poison,ブロロローム,Burororoomu
967,Cyclizar,Dragon,Normal,モトトカゲ,Mototokage
968,Orthworm,Steel,,ミミズズ,Mimizuzu
969,Glimmet,Rock,Poison,キラーメ,Kiraame
970,Glimmora,Rock,Poison,キラフロル,Kirafuroru
971,Greavard,Ghost,,ボチ,Bochi
972,Houndstone,Ghost,,ハカドッグ,Hakadoggu
973,Flamigo,Flying,Fighting,カラミンゴ,Karamingo
974,Cetoddle,Ice,,アルクジラ,Arukujira
975,Cetitan,Ice,,ハルクジラ,Harukujira
976,Veluza,Water,Psychic,ミガルーサ,Migaruusa
977,Dondozo,Water,,ヘイラッシャ,Heirassha
978,Tatsugiri,Dragon,Water,シャリタツ,Sharitatsu
979,Annihilape,Fighting,Ghost,コノヨザル,Konoyozaru
980,Clodsire,Poison,Ground,ドオー,Do'oh
981,Farigiraf,Normal,Psychic,リキキリン,Rikikirin
982,Dudunsparce,Normal,,ノココッチ,Nokokocchi
983,Kingambit,Dark,Steel,ドドゲザン,Dodogezan
984,Great Tusk,Ground,Fighting,イダイナキバ,Idainakiba
985,Scream Tail,Fairy,Psychic,サケブシッポ,Sakebushippo
986,Brute Bonnet,Grass,Dark,アラブルタケ,Araburutake
987,Flutter Mane,Ghost,Fairy,ハバタクカミ,Habatakukami
988,Slither Wing,Bug,Fighting,チヲハウハネ,Chiohauhane
989,Sandy Shocks,Electric,Ground,スナノケガワ,Sunanokegawa
990,Iron Treads,Ground,Steel,テツノワダチ,Tetsunowadachi
991,Iron Bundle,Ice,Water,テツノツツミ,Tetsunotsutsumi
992,Iron Hands,Fighting,Electric,テツノカイナ,Tetsunokaina
993,Iron Jugulis,Dark,Flying,テツノコウベ,Tetsunokoube
994,Iron Moth,Fire,Poison,テツノドクガ,Tetsunodokuga
995,Iron Thorns,Rock,Electric,テツノイバラ,Tetsunoibara
996,Frigibax,Dragon,Ice,セビエ,Sebie
997,Arctibax,Dragon,Ice,セゴール,Segooru
998,Baxcalibur,Dragon,Ice,セグレイブ,Segureibu
999,Gimmighoul,Ghost,,コレクレー,Korekurei
1000,Gholdengo,Steel,Ghost,サーフゴー,Saafugou
1001,Wo-Chien,Dark,Grass,チオンジェン,Chionjen
1002,Chien-Pao,Dark,Ice,パオジアン,Paojian
1003,Ting-Lu,Dark,Ground,ディンルー,Dinruu
1004,Chi-Yu,Dark,Fire,イーユイ,Iiyui
1005,Roaring Moon,Dragon,Dark,トドロクツキ,Todorokutsuki
1006,Iron Valiant,Fairy,Fighting,テツノブジン,Tetsunobujin
1007,Koraidon,Fighting,Dragon,コライドン,Koraidon
1008,Miraidon,Electric,Dragon,ミライドン,Miraidon
